iter	MAE	RMSE
0	0.6747688202	0.8599529955
1	0.6738719184	0.8591272758
2	0.6730283462	0.8583984051
3	0.6723806331	0.8578786429
4	0.6718353129	0.8573962132
5	0.6710183466	0.8566528625
6	0.6702493569	0.8560010052
7	0.6694361516	0.8553056414
8	0.6686244044	0.8545478834
9	0.668174123	0.8540628654
10	0.6678492718	0.8538127762
11	0.6671019397	0.8530948448
12	0.6663482688	0.8524289469
13	0.6658016831	0.8518906085
14	0.6649904098	0.8511459814
15	0.6641432746	0.8503796952
16	0.6633500304	0.8497858842
17	0.6629612808	0.8494749027
18	0.6621048299	0.8486461924
19	0.6611262077	0.8477080934
20	0.6605309225	0.8471875454
21	0.6595630313	0.8463555002
22	0.6590206144	0.8458456334
23	0.6584352033	0.8453870762
24	0.6575579842	0.8446414226
25	0.656648627	0.8438714922
26	0.6557509446	0.8430349537
27	0.6551776863	0.8424986291
28	0.6542297973	0.8417057047
29	0.6531748005	0.8408391342
30	0.652408806	0.8401966602
31	0.6517087001	0.8395714146
32	0.6509221529	0.8388179345
33	0.6503899574	0.8383819819
34	0.6498067105	0.837918113
35	0.6490879167	0.8372443895
36	0.6484279202	0.8367211115
37	0.6476196544	0.8359977165
38	0.6471719928	0.8355480725
39	0.6465074859	0.8349931527
40	0.6458451704	0.8344754103
41	0.6448689822	0.833597681
42	0.6442824204	0.8330920556
43	0.6437450957	0.8327247159
44	0.6430611996	0.8320843939
45	0.6422106371	0.8313210682
46	0.6415693867	0.8308226665
47	0.6410072184	0.8304469668
48	0.6406842061	0.8302001453
49	0.6402282008	0.8298707774
50	0.6400229367	0.8297825609
51	0.6393195903	0.8291883827
52	0.6388919501	0.8288825771
53	0.638416547	0.828514381
54	0.6377171673	0.8279024524
55	0.6369801353	0.8273287084
56	0.6363166817	0.8267336252
57	0.6359213664	0.8264249651
58	0.6354474655	0.8259907231
59	0.6346405768	0.8253773169
60	0.6339245364	0.8247164219
61	0.6331139974	0.8240563468
62	0.6328416333	0.8238762639
63	0.6320986036	0.8233080394
64	0.6316208941	0.8229229016
65	0.6308239229	0.8222238199
66	0.6302594762	0.8217315048
67	0.629672131	0.8212437678
68	0.6296745359	0.8212437457
69	0.6290542456	0.820748349
70	0.6286654709	0.8203982208
71	0.6282787842	0.8201141662
72	0.6275416923	0.8196186152
73	0.6269978692	0.8191853316
74	0.6269990341	0.8191837121
75	0.6265350093	0.8187242685
76	0.6265363575	0.818724152
77	0.6260265446	0.8183341663
78	0.625615354	0.817983153
79	0.6250190654	0.8175110934
80	0.6245352182	0.8171258034
81	0.6239854656	0.8166588308
82	0.6236003412	0.8163319906
83	0.6230187373	0.8158716476
84	0.6224219935	0.8153942443
85	0.6220152297	0.8149779729
86	0.6213803816	0.8142883515
87	0.6208325249	0.8138132958
88	0.6202510763	0.8133654722
89	0.6195987333	0.8127763768
90	0.6193240973	0.8125335453
91	0.6185145818	0.8118970507
92	0.6181650752	0.8116739669
93	0.6174405754	0.8111178623
94	0.617022729	0.8108333244
95	0.6165568985	0.8104991165
96	0.6161807803	0.810198282
97	0.6157272262	0.8098615138
98	0.6153143204	0.8095114637
99	0.6150547813	0.809325576
100	0.6150557705	0.8093240805
101	0.6148203684	0.8090127089
102	0.614328993	0.8084611549
103	0.6139758461	0.8082089407
104	0.6136348253	0.8079203982
105	0.6132597536	0.8075548927
106	0.6128372877	0.8070787011
107	0.612506226	0.8068344116
108	0.6118410125	0.8062356238
109	0.611842562	0.8062352457
110	0.6112290209	0.8057843396
111	0.6107402869	0.8054138201
112	0.6102619311	0.8050821212
113	0.6096431223	0.8046133571
114	0.6090837153	0.8041656172
115	0.6085651097	0.8037113507
116	0.6083397156	0.8035428182
117	0.6077005352	0.8030244868
118	0.6074579584	0.8026966517
119	0.6068017314	0.8022101665
120	0.6064039887	0.801992738
121	0.6057777794	0.8014989301
122	0.6055289352	0.801314967
123	0.6053109703	0.8010636618
124	0.6048263717	0.8007228946
125	0.6043980048	0.8004146745
126	0.6040205798	0.8000966744
127	0.6038546759	0.7999704553
128	0.6038552037	0.7999689166
129	0.6033460969	0.7995508325
130	0.6029652454	0.7992215947
131	0.6026635301	0.7988295361
132	0.6023407906	0.798548337
133	0.602342923	0.7985482913
134	0.602037273	0.7983085901
135	0.6017082882	0.7980602694
136	0.6013259439	0.7977732903
137	0.6010091608	0.7974559953
138	0.6005914904	0.7971140415
139	0.6004063255	0.796971633
140	0.600063956	0.7966970608
141	0.5996962168	0.7962641873
142	0.5996972	0.7962637455
143	0.5996106367	0.7962207057
144	0.59927649	0.7958490976
145	0.598784148	0.7954892522
146	0.5985560607	0.7952673928
147	0.5981304816	0.7948911706
148	0.5976052038	0.7944713921
149	0.5971379925	0.7941309418
150	0.596621657	0.7935949727
151	0.5962347746	0.7932129126
152	0.5958299567	0.7928606215
153	0.5954963766	0.7925551071
154	0.5950609636	0.7922575803
155	0.5946932223	0.7918727837
156	0.5943062656	0.7915250729
157	0.5940455175	0.7913870344
158	0.593717504	0.7910023048
159	0.5930966363	0.7903992203
160	0.5926175136	0.7899270172
161	0.5923954931	0.7897021983
162	0.5923277425	0.7895712824
163	0.5919942544	0.7892758284
164	0.5914893239	0.7887778245
165	0.5911892841	0.7885406421
166	0.5909378957	0.7882358958
167	0.5905523983	0.7878449811
168	0.5901312971	0.7874227539
169	0.5898963419	0.7871870797
170	0.5894072877	0.7867674317
171	0.5891061954	0.7863427758
172	0.588702063	0.7859494136
173	0.5885385577	0.7857119942
174	0.5882353052	0.7853197046
175	0.5878198882	0.7848763685
176	0.5875623309	0.7846417566
177	0.5871223929	0.7843215487
178	0.5868612364	0.7840842142
179	0.5866066693	0.7838382187
180	0.5864382566	0.7836651172
181	0.5861714141	0.7833892232
182	0.5861704949	0.7833890787
183	0.5858392197	0.7830253105
184	0.5855523441	0.782769496
185	0.5852389413	0.7824557595
186	0.5848391134	0.7820850987
187	0.5845838778	0.781883859
188	0.5844458055	0.7817317749
189	0.5844132034	0.7816999536
190	0.5843851374	0.7816964466
191	0.583937962	0.7812701484
192	0.5836631951	0.7810519103
193	0.5834883548	0.7809119859
194	0.5831859625	0.7806347329
195	0.5829249177	0.7803864378
196	0.5826179663	0.7800680802
197	0.5821940278	0.7797856616
198	0.5821281984	0.7797394361
199	0.5821273791	0.7797393166
200	0.5819244678	0.7794761998
201	0.5815221557	0.7791091831
202	0.5812379233	0.7787877748
203	0.5809272844	0.7784936387
204	0.5807102431	0.7782841407
205	0.580710751	0.77828383
206	0.5804746881	0.7780319095
207	0.5801699329	0.7778033324
208	0.5801078965	0.777741824
209	0.5798662731	0.7775474199
210	0.5798069175	0.7774612207
211	0.579474683	0.7770540619
212	0.5791898745	0.7766829257
213	0.5789443737	0.7764624664
214	0.5788273639	0.7763334973
215	0.5787267581	0.7762433917
216	0.5785853484	0.7760651743
217	0.5784243637	0.7758893603
218	0.5782347456	0.7757391675
219	0.5781883101	0.7757206426
220	0.5778954648	0.7753457657
221	0.5777777227	0.7752714448
222	0.5772617453	0.7748035312
223	0.5770184128	0.7745577996
224	0.5766478595	0.7742012169
225	0.5764343638	0.773928455
226	0.5761731236	0.7736643071
227	0.5759534252	0.7734457548
228	0.5758218703	0.7731689565
229	0.5755192567	0.7727158516
230	0.5752465603	0.7724466179
231	0.5751357147	0.7723634917
232	0.5749144144	0.7721701004
233	0.5746572116	0.7719099185
234	0.5746569173	0.771909916
235	0.5742261744	0.7714489718
236	0.5740954371	0.771284624
237	0.5740489307	0.7712453933
238	0.57359274	0.7708414291
239	0.5734977454	0.7707427129
240	0.5733024651	0.7705076169
241	0.5730141708	0.7701644297
242	0.5729258542	0.7700067711
243	0.5729158839	0.7699833607
244	0.5727967538	0.7698357065
245	0.5727253726	0.7697824717
246	0.5724919618	0.7695001877
247	0.5722685305	0.7692614408
248	0.5719186853	0.7688229315
249	0.5718607836	0.7687904166
250	0.571732091	0.76864881
251	0.5715289113	0.7683479279
252	0.5713578228	0.7681914086
253	0.5711005727	0.7679548587
254	0.5708322587	0.7677605106
255	0.5708208171	0.7677531658
256	0.5708181665	0.7677515164
257	0.5704835162	0.767421786
258	0.5702874552	0.7672057485
259	0.5700695028	0.7670602785
260	0.5697628876	0.766771647
261	0.5695792188	0.7666210617
262	0.5694020555	0.7664575149
263	0.5691575095	0.7661990964
264	0.568983923	0.7659688866
265	0.5687160872	0.7656242942
266	0.5684784296	0.7654655902
267	0.568112985	0.7651268882
268	0.5679020995	0.7648960884
269	0.5676849219	0.7647463908
270	0.5674140863	0.7644409648
271	0.5671032754	0.764059146
272	0.5670504711	0.7639911362
273	0.5668330393	0.7637165859
274	0.566672204	0.763561246
275	0.5663906719	0.7632735568
276	0.566393111	0.7632695379
277	0.5663252176	0.7631529791
278	0.5660741639	0.7629183764
279	0.5659211573	0.7627730294
280	0.5657814038	0.7625898471
281	0.5657040749	0.762486932
282	0.5656863744	0.7624656397
283	0.5654467338	0.7622734889
284	0.5653418238	0.7621612432
285	0.5650980526	0.7618274877
286	0.56508665	0.7617996452
287	0.5648217569	0.7614888444
288	0.5646908694	0.7613287858
289	0.5646601334	0.7613111262
290	0.564521001	0.7611157638
291	0.5643572301	0.7608823387
292	0.5639660453	0.7603507672
293	0.5639615506	0.7603425709
294	0.5638708906	0.7603074909
295	0.5636234517	0.7600571269
296	0.5633804232	0.7597863768
297	0.5632434926	0.7596457949
298	0.5630817585	0.7594381202
299	0.5628373898	0.7592504437
300	0.5625116463	0.7588920766
301	0.5623095172	0.7587585682
302	0.5621022438	0.7585180435
303	0.5618601287	0.7581688744
304	0.5617749896	0.7580750466
305	0.5616925757	0.7579754757
306	0.5616868577	0.7579685756
307	0.5615008676	0.7578057411
308	0.5613997794	0.757693529
309	0.5612428737	0.7575154095
310	0.5610462767	0.7573262869
311	0.5609713338	0.7572730244
312	0.5607940991	0.757044689
313	0.5606373431	0.756921348
314	0.5602063825	0.7564132217
315	0.5601006697	0.7563192699
316	0.5600771838	0.7562902784
317	0.5599801379	0.7562078057
318	0.5598146054	0.7560438868
319	0.559705794	0.7559114173
320	0.5593814315	0.7555355664
321	0.5592434519	0.7553590755
322	0.5589635108	0.7551519303
323	0.5587500741	0.754899178
324	0.5585773859	0.7546124641
325	0.5584653696	0.7545074556
326	0.5583912224	0.75440357
327	0.558303225	0.7542474885
328	0.5581798409	0.7540754211
329	0.5580644619	0.7539164808
330	0.5579444651	0.7537526053
331	0.5578202899	0.7535698599
332	0.5574581074	0.7531593403
333	0.5573819107	0.7530757995
334	0.557253514	0.7529002994
335	0.5570418555	0.7527260586
336	0.5568644502	0.7524738872
337	0.5568171689	0.7524468548
338	0.5566488246	0.7522295292
339	0.5564803071	0.7520780921
340	0.5562100406	0.7518154468
341	0.5559318185	0.7515902312
342	0.5557556931	0.7513573827
343	0.5555440715	0.7512109438
344	0.5555014106	0.7511864848
345	0.5553397069	0.7509984205
346	0.5550243445	0.7504987515
347	0.5547094082	0.7502147665
348	0.5544719225	0.7498961539
349	0.5543917494	0.7497625785
350	0.5542836469	0.7496121857
351	0.5540806181	0.7493026231
352	0.5540804054	0.7493026077
353	0.5538748432	0.7491136762
354	0.553500392	0.7487077272
355	0.5534451479	0.7486347709
356	0.5533225005	0.7485089656
357	0.5532210243	0.7483607147
358	0.5530716239	0.7482261548
359	0.5530682622	0.7482165496
360	0.5530193884	0.7481471863
361	0.5530146863	0.7481330252
362	0.5529559966	0.748049154
363	0.5527636675	0.7478040365
364	0.5525760839	0.7476473272
365	0.552365806	0.7474104162
366	0.552158938	0.7471455144
367	0.5521043906	0.7469991434
368	0.5519342401	0.7468419228
369	0.5517816374	0.7466943242
370	0.5515592284	0.746460584
371	0.5514978897	0.746404836
372	0.5514099904	0.7462679391
373	0.5513258412	0.7461523616
374	0.5511654614	0.745955775
375	0.5511267021	0.7458906362
376	0.5509647399	0.7457084888
377	0.5508970254	0.745614659
378	0.5508334984	0.7455389501
379	0.5507554221	0.7454738059
380	0.5506224413	0.7453200119
381	0.5505064119	0.7451952757
382	0.5503776022	0.7449850045
383	0.5503776	0.7449841956
384	0.5502111444	0.7447838736
385	0.5500302927	0.7445667286
386	0.5497187862	0.7441892928
387	0.5495323716	0.7439611851
388	0.5492253364	0.7436956873
389	0.5490646223	0.7435281952
390	0.5489567714	0.7434077498
391	0.5488777542	0.74328278
392	0.5487513619	0.7430819533
393	0.5485766798	0.7429608071
394	0.5483121558	0.7427164261
395	0.5480864362	0.7423444918
396	0.5479050534	0.7421535342
397	0.5478204478	0.7419809407
398	0.5476753551	0.7418576335
399	0.5476704774	0.7418469337
400	0.5476704764	0.7418461005
401	0.5475277661	0.7416879713
402	0.5475277264	0.7416879554
403	0.5473148141	0.7414460668
404	0.5472910108	0.7414138657
405	0.5471610758	0.7412844075
406	0.5471610242	0.7412843928
407	0.5470728428	0.7411798965
408	0.5468580062	0.7409398713
409	0.5468139078	0.7408918878
410	0.5465849537	0.7406537063
411	0.5464752445	0.7405443284
412	0.546375114	0.7404319014
413	0.5462367364	0.740297433
414	0.5461006697	0.7401748638
415	0.5460494667	0.7400691995
416	0.5459698593	0.7399463663
417	0.5458728293	0.7398218092
418	0.5457754858	0.739730993
419	0.5457754872	0.7397302097
420	0.545647892	0.7396018422
421	0.5454775846	0.7394260801
422	0.5453836117	0.7393012587
423	0.5453389307	0.7392614477
424	0.5452788372	0.7391994864
425	0.5450871833	0.7389495452
426	0.5449309681	0.7387847752
427	0.5447476324	0.7385655604
428	0.5446173296	0.7384129345
429	0.544412519	0.7382313255
430	0.5442212603	0.738019458
431	0.5440287328	0.7378130568
432	0.543868296	0.7376057855
433	0.5437235805	0.7374704051
434	0.5436082313	0.737329208
435	0.5434950819	0.737211678
436	0.5433413525	0.7369934114
437	0.5432890987	0.7368915566
438	0.5431736816	0.7367246487
439	0.5430591268	0.7365702949
440	0.5429457696	0.7364198972
441	0.5427661459	0.7361960228
442	0.5426624644	0.7360060748
443	0.5425417832	0.7359166513
444	0.5422581977	0.7356284111
445	0.5420509781	0.7353969374
446	0.5418775905	0.735141621
447	0.5417522938	0.7349665482
448	0.5416047152	0.7347297388
449	0.5415204946	0.7346475883
450	0.5412486159	0.7342995641
451	0.5412076363	0.7342408855
452	0.5410389461	0.7341180417
453	0.541034568	0.7341157596
454	0.5410323574	0.7341075186
455	0.5408942452	0.7338937555
456	0.5408570468	0.7338190568
457	0.5406438424	0.7334846602
458	0.5406358376	0.7334758968
459	0.5405193932	0.733347867
460	0.5403793199	0.7331968931
461	0.5403573204	0.7331553291
462	0.5402522465	0.7329905973
463	0.5401230035	0.7328257737
464	0.5399049728	0.7325449745
465	0.5398352684	0.7324852239
466	0.5396913128	0.7323660997
467	0.5394690741	0.7321388791
468	0.5394690741	0.7321380833
469	0.5393340213	0.7320157215
470	0.5391903972	0.7318297926
471	0.5390484392	0.7317411366
472	0.5388759799	0.7314700277
473	0.5387840759	0.7313653306
474	0.5386825049	0.7312399516
475	0.5384417011	0.730959899
476	0.5382219748	0.7306890532
477	0.5381710732	0.730602178
478	0.5380717272	0.7304487023
479	0.5380717764	0.7304486888
480	0.5379128435	0.730263096
481	0.5378539723	0.730212383
482	0.5377324423	0.7300788613
483	0.537680766	0.7300130669
484	0.53763396	0.7299957793
485	0.5375160418	0.7298390963
486	0.5373923056	0.7296653401
487	0.5373170549	0.7295896845
488	0.5370884608	0.7293062989
489	0.5369945922	0.7292273694
490	0.5368775355	0.7290755923
491	0.5366943737	0.7288109172
492	0.5366383968	0.7287206832
493	0.5365560638	0.7285635794
494	0.536406901	0.728378923
495	0.5361866474	0.728107608
496	0.5360189112	0.7278926966
497	0.5358298411	0.727636206
498	0.5358298394	0.7276353473
499	0.535708745	0.7274923292
500	0.535624124	0.727381873
501	0.5355235494	0.7272080927
502	0.5353321881	0.7269495571
503	0.5351729984	0.7267786719
504	0.5351037044	0.7266693683
505	0.535002072	0.7266137209
506	0.534889838	0.7264700246
507	0.5348898351	0.726469206
508	0.5347828796	0.7263469578
509	0.5344855995	0.7260311969
510	0.534375922	0.7258214581
511	0.5342192427	0.725630609
512	0.5340420356	0.7253848564
513	0.5339832425	0.7253121272
514	0.5337352558	0.7249974938
515	0.5336141373	0.7248736097
516	0.5333960368	0.7245380035
517	0.5333307713	0.7244793956
518	0.5332171094	0.7242961979
519	0.5330599846	0.7240265484
520	0.5330600414	0.7240265303
521	0.532872439	0.7238035566
522	0.5327517623	0.7236105027
523	0.532699612	0.7235041247
524	0.5326793289	0.7234210213
525	0.5326433782	0.7233411458
526	0.5325049471	0.7231468294
527	0.5323687087	0.7230117188
528	0.5321283643	0.7226931582
529	0.5320352539	0.722589252
530	0.5320294208	0.7225814304
531	0.5320158172	0.722560068
532	0.5319440097	0.7224506004
533	0.531787826	0.7222847642
534	0.5315643643	0.7220283591
535	0.5314435278	0.721904465
536	0.5313811904	0.7218648713
537	0.5312047093	0.7216719489
538	0.5310524786	0.7214905911
539	0.5309419023	0.7213399401
540	0.5309059219	0.7212537881
541	0.5307538011	0.7209200742
542	0.5305048033	0.7204842586
543	0.5303902476	0.7202579158
544	0.5301142252	0.7198855635
545	0.5300496627	0.7197864858
546	0.5298916496	0.7195640103
547	0.529814333	0.7194733834
548	0.5297202908	0.7193662263
549	0.5297203052	0.7193653913
550	0.5296483945	0.7192812715
551	0.5295558473	0.7191721718
552	0.5295172636	0.7191120293
553	0.5295172814	0.719111212
554	0.5293881951	0.7189521199
555	0.529338174	0.7188545962
556	0.5292579822	0.7187545996
557	0.5291121025	0.7185742145
558	0.5289575292	0.7184010647
559	0.5288201577	0.7182270945
560	0.5288201716	0.7182262881
561	0.5285635855	0.7179251837
562	0.5282613259	0.7174964236
563	0.5282714457	0.7174798003
564	0.52815726	0.7173319837
565	0.5280831323	0.7172247077
566	0.5279010476	0.7169810964
567	0.5278359843	0.7169345968
568	0.5278390934	0.7169332691
569	0.5277435635	0.716840953
570	0.5277436867	0.7168409323
571	0.527603553	0.7167036412
572	0.5275303386	0.7165690964
573	0.5273201793	0.7163152878
574	0.5271986955	0.7161406223
575	0.5271465908	0.7160791698
576	0.5271432229	0.716044332
577	0.5270560303	0.715925662
578	0.5269673605	0.7158270568
579	0.5268577939	0.715702146
580	0.5268059538	0.7155900556
581	0.5267863899	0.7155716826
582	0.5267093836	0.7155286508
583	0.5266413173	0.7154193018
584	0.526641538	0.7154192845
585	0.5264244732	0.7152119881
586	0.5263670797	0.7151320101
587	0.5261944194	0.7149499138
588	0.5260997209	0.7148014334
589	0.5260211672	0.714659958
590	0.5259425508	0.7144923203
591	0.5258142134	0.7142954186
592	0.5256743168	0.7141034975
593	0.5255927393	0.7139769184
594	0.5254900372	0.7138196013
595	0.5253202693	0.713599935
596	0.525211157	0.7134091503
597	0.5250148167	0.7131638741
598	0.524904964	0.7130174989
599	0.5249054877	0.7130174222
600	0.5248692119	0.7129269283
601	0.5248043413	0.7128395938
602	0.5247228038	0.7127087878
603	0.5246260513	0.7125818056
604	0.5244538511	0.7123788967
605	0.5243240701	0.7122129811
606	0.5241278693	0.7120259951
607	0.5239888119	0.7117963665
608	0.52390888	0.7117173529
609	0.5237837869	0.7115426236
610	0.5235033983	0.7112375739
611	0.5234610797	0.7111599658
612	0.5233095763	0.7110399445
613	0.523179884	0.7108949231
614	0.523138907	0.7107785902
615	0.5230636125	0.7106393368
616	0.5229667512	0.7104992975
617	0.5228346468	0.7103571198
618	0.5228134475	0.7103452775
619	0.5227999963	0.7102665918
620	0.5227424815	0.7101490464
621	0.5227301203	0.7101345274
622	0.5226720889	0.7100149818
623	0.5226693834	0.7100133513
624	0.5226059046	0.7099289871
625	0.5224876952	0.7097620096
626	0.5224183108	0.7096667706
627	0.5222316686	0.7093719864
628	0.5221060895	0.7092180308
629	0.5220266783	0.70910955
630	0.521978648	0.7090296154
631	0.5218808114	0.7089507967
632	0.5217508032	0.7088009947
633	0.5216372419	0.7086586282
634	0.5215994186	0.7085814964
635	0.5215623512	0.7085400364
636	0.5215142708	0.7084742236
637	0.5214816316	0.7084278209
638	0.5214417225	0.7083820122
639	0.5212392021	0.7080845052
640	0.5211892875	0.7079785106
641	0.5211792444	0.7079563635
642	0.5210224153	0.7077571845
643	0.5208814231	0.7075635166
644	0.5206226878	0.7073034322
645	0.520479098	0.7071856332
646	0.5203797194	0.7070534565
647	0.520310572	0.7069940114
648	0.520232959	0.7069297272
649	0.5202053065	0.7069028783
650	0.5202056523	0.7069028443
651	0.5201013805	0.7067570677
652	0.5200309333	0.7066371617
653	0.5199521985	0.7065315754
654	0.5198381616	0.7063662414
655	0.5196945967	0.7061903373
656	0.519681903	0.7061720724
657	0.5196820214	0.7061713039
658	0.5194927895	0.7059038385
659	0.5194154833	0.7058452371
660	0.5192132703	0.7056510496
661	0.5191121108	0.7055032036
662	0.5190098671	0.7053471618
663	0.5189286237	0.7052520967
664	0.5187473684	0.705049376
665	0.5187051536	0.7049806794
666	0.5186542094	0.7049355244
667	0.5185479915	0.7047384114
668	0.5185007654	0.7046450414
669	0.5183953662	0.704472315
670	0.5182869101	0.7043531874
671	0.5181520928	0.7041807459
672	0.518103251	0.7041167415
673	0.5179991578	0.703952992
674	0.5178814079	0.7037785058
675	0.5178501533	0.7037386769
676	0.5176995008	0.7035146109
677	0.517562884	0.70336877
678	0.5174786183	0.7032831182
679	0.5174047445	0.7031779708
680	0.5173539654	0.7030403449
681	0.5172035111	0.7028910398
682	0.5171100155	0.702740863
683	0.5169804682	0.7025849131
684	0.5168712292	0.7024813219
685	0.5168375395	0.7024372428
686	0.5168192245	0.702405124
687	0.5167571459	0.7023064498
688	0.5165722708	0.7021002343
689	0.5164774403	0.7019977157
690	0.5163471336	0.7018443379
691	0.5163475272	0.7018443019
692	0.5163417161	0.701827426
693	0.51631288	0.7017487656
694	0.5161772421	0.7015708977
695	0.5160948015	0.7014225563
696	0.5160952252	0.7014225218
697	0.5160027453	0.7012959039
698	0.515894472	0.7011908374
699	0.5158108459	0.7010181762
700	0.5157046536	0.7008687119
701	0.5156463168	0.7007221578
702	0.5154721965	0.7005265813
703	0.5154150603	0.7004542317
704	0.5153042964	0.7003043111
705	0.5151770266	0.7001141111
706	0.5149847354	0.6999212762
707	0.5149291571	0.699823583
708	0.5148178343	0.6997251946
709	0.514794324	0.6996884314
710	0.514684872	0.699558028
711	0.5145462744	0.6993965002
712	0.5144946829	0.6993343293
713	0.5144557802	0.6992823961
714	0.5143689483	0.6991759323
715	0.5143073503	0.6990941374
716	0.514207656	0.6989696877
717	0.5141303229	0.698890973
718	0.5141305115	0.6988851632
719	0.5140671528	0.6988515064
720	0.5139781378	0.6987182122
721	0.5138897204	0.6986282328
722	0.5138778174	0.6985729229
723	0.5138214472	0.6984913527
724	0.5137221606	0.6983918823
725	0.5136013404	0.6982547698
726	0.5135159458	0.6981373889
727	0.5133565824	0.6979645189
728	0.5132185438	0.697844005
729	0.5131935769	0.6978054935
730	0.513058839	0.697617857
731	0.5129684866	0.6975106699
732	0.5128129493	0.697267516
733	0.5125535086	0.6969124613
734	0.5123794511	0.6966983737
735	0.5123304243	0.6966073656
736	0.5121998876	0.6964420121
737	0.5121236485	0.6963012721
738	0.5119920373	0.6961309026
739	0.5118673184	0.6959995341
740	0.5118560758	0.6959145062
741	0.5118252306	0.6958746498
742	0.5117802459	0.6958015871
743	0.511705537	0.6956713996
744	0.511649097	0.6955419492
745	0.5115569289	0.695422022
746	0.5114354015	0.6952684804
747	0.5114447069	0.695259104
748	0.5113036836	0.6951209397
749	0.5112431631	0.6950731323
750	0.511146848	0.6949646367
751	0.5110835554	0.6948634259
752	0.5110556778	0.6948011111
753	0.5109601351	0.6946299964
754	0.5109437746	0.6946100181
755	0.5108982706	0.694527264
756	0.5108803543	0.6945055213
757	0.51072249	0.6943269482
758	0.5106162132	0.6942020095
759	0.5105537642	0.6941410545
760	0.5104737326	0.6940791557
761	0.5104657475	0.6940637625
762	0.5103759246	0.6939801567
763	0.5102431946	0.6938262314
764	0.5101631605	0.6937333426
765	0.5101011661	0.6936345633
766	0.5100844732	0.6936023732
767	0.5100206512	0.6935339149
768	0.5100043125	0.6935184349
769	0.5099045379	0.693336047
770	0.5098341756	0.6932243957
771	0.5097102337	0.693052361
772	0.5097091525	0.693044796
773	0.509657532	0.6929745913
774	0.5095783043	0.6928554837
775	0.509440831	0.6927263556
776	0.5092994525	0.6926019963
777	0.509222964	0.6925153974
778	0.5091547295	0.6924470987
779	0.5091068812	0.6923495858
780	0.5090290217	0.6922479715
781	0.5088775488	0.6920138713
782	0.5088688619	0.6919813686
783	0.5087578972	0.6918601999
784	0.5086834672	0.6917485186
785	0.5086839908	0.6917484856
786	0.5085531107	0.6916226485
787	0.508419534	0.6914310946
788	0.5083357194	0.6913369595
789	0.5081830125	0.6911511118
790	0.5080538587	0.6909909434
791	0.5079797888	0.6908843719
792	0.5079207322	0.6907870631
793	0.5078106811	0.6906650827
794	0.5077253932	0.6905716052
795	0.5076297902	0.6904483756
796	0.5075366914	0.6903242656
797	0.5074739976	0.6901838689
798	0.507314064	0.6899821029
799	0.5072856049	0.68993566
800	0.5070518631	0.68965526
801	0.5070524512	0.6896552281
802	0.506999766	0.6895581486
803	0.5069174167	0.6894072662
804	0.506867122	0.6893220846
805	0.5067451022	0.6891572536
806	0.5067345591	0.6891473397
807	0.5066543305	0.688949942
808	0.5065512764	0.68878007
809	0.506534623	0.6887391917
810	0.5064533311	0.6886643478
811	0.5063849072	0.6884653583
812	0.5063581266	0.6883695156
813	0.5062785327	0.6883100381
814	0.506212864	0.6882289758
815	0.5060626782	0.6880653292
816	0.5060583358	0.6880351142
817	0.5060075137	0.6879895303
818	0.5059809155	0.6879587694
819	0.505901704	0.6878967471
820	0.5058576207	0.6878339388
821	0.5058108225	0.6877823513
822	0.5057262696	0.6876811303
823	0.5056180536	0.6875559361
824	0.5055608105	0.6874799892
825	0.5054655649	0.687332707
826	0.5053808324	0.6872058075
827	0.5053210121	0.6871507865
828	0.5052474743	0.6870560948
829	0.5051542716	0.6869707036
830	0.5050927766	0.6868696891
831	0.5050810187	0.6868372469
832	0.5050723349	0.6868082448
833	0.5050560908	0.6867851441
834	0.5050249726	0.6867434306
835	0.5049689955	0.6866636883
836	0.5049319684	0.6865875204
837	0.5048618587	0.6865266519
838	0.504821762	0.6864552371
839	0.5048158496	0.6864443081
840	0.5047612676	0.6863973571
841	0.5047538198	0.6863148986
842	0.5047253986	0.6862592965
843	0.5046936594	0.6862229335
844	0.5046822175	0.6861952864
845	0.5046163085	0.6860820204
846	0.5045462651	0.6860026238
847	0.5044284443	0.6857639636
848	0.5043187064	0.6856518841
849	0.5042810658	0.6856023844
850	0.5041601248	0.6853678538
851	0.5041404424	0.6853173098
852	0.5040627248	0.6852373324
853	0.5040539655	0.6851951234
854	0.5039900006	0.6851412447
855	0.5038850017	0.6850174274
856	0.503824113	0.6849425741
857	0.5037777408	0.6848881617
858	0.5037475185	0.6848484101
859	0.5036347478	0.6847147268
860	0.5035711404	0.684591537
861	0.503442803	0.6844469578
862	0.5033396195	0.684271492
863	0.5032931088	0.6841993356
864	0.5032251875	0.6841007656
865	0.5032200122	0.6840658548
866	0.5030921906	0.6838701639
867	0.503010527	0.683752109
868	0.5029471581	0.6836882112
869	0.5028915986	0.6836306678
870	0.5028762442	0.6835899112
871	0.5027679889	0.6834996313
872	0.5027286485	0.6834445975
873	0.502684001	0.6833661718
874	0.5025736905	0.6832041524
875	0.5024587289	0.6829982989
876	0.5023960405	0.682894219
877	0.5022834054	0.6827782605
878	0.5022376689	0.682702756
879	0.5021237152	0.6825597045
880	0.5020792781	0.6824707722
881	0.501991404	0.6823566821
882	0.5018825151	0.682182108
883	0.5017965531	0.6820564276
884	0.5017119189	0.6818954499
885	0.5016217035	0.6818020264
886	0.5014751179	0.6816582565
887	0.5014026126	0.6814805004
888	0.5013335782	0.6813246755
889	0.5011894501	0.681077879
890	0.5010773569	0.6809608347
891	0.501028538	0.6808854497
892	0.500874741	0.6806729956
893	0.5008375866	0.6805885849
894	0.5007090876	0.6804454002
895	0.5006175417	0.6803371249
896	0.5004721064	0.6802274283
897	0.5004147206	0.680186424
898	0.5004031675	0.6800991582
899	0.5002872112	0.6800185834
900	0.5002579403	0.6799807558
901	0.5002227696	0.6798791894
902	0.5001070982	0.6797049263
903	0.5000090603	0.6795594985
904	0.4999327116	0.6794609271
905	0.499873949	0.6793953248
906	0.4998049948	0.6792925123
907	0.4996934761	0.6791041827
908	0.4996615907	0.6790721711
909	0.4996431516	0.6790448163
910	0.4996350617	0.6790100613
911	0.4995616236	0.6789126179
912	0.4994869829	0.678779823
913	0.4994542065	0.678742438
914	0.4993807348	0.6786573363
915	0.4992979386	0.6785227669
916	0.4992781674	0.6785009657
917	0.4992680957	0.6784616927
918	0.4992386836	0.6783984932
919	0.4991802438	0.678303277
920	0.4990917372	0.6782229937
921	0.499015049	0.6781334487
922	0.4988742901	0.6779347245
923	0.4988644696	0.6779160391
924	0.4987516474	0.6778001532
925	0.498604915	0.677583229
926	0.4985593023	0.6775196886
927	0.4985395967	0.6774980214
928	0.498478886	0.677398703
929	0.4984452957	0.6773303215
930	0.4984404832	0.6772974731
931	0.4983595966	0.67718568
932	0.4982454937	0.6770424558
933	0.4982250399	0.6770064411
934	0.498098655	0.6768548272
935	0.4980540257	0.6768064298
936	0.4980197873	0.6767589665
937	0.4979894603	0.6767095857
938	0.4978886606	0.6765867983
939	0.497766737	0.676355251
940	0.4976223987	0.6761396991
941	0.4975703955	0.6760906625
942	0.4975471769	0.676033804
943	0.4974907214	0.6759647403
944	0.4973875946	0.6758221006
945	0.4973232375	0.6757255597
946	0.4972455362	0.6756484353
947	0.4972116962	0.6756019799
948	0.4970697551	0.675409618
949	0.4969980927	0.6753359988
950	0.4969185562	0.6752659169
951	0.4968797157	0.6752286052
952	0.4968699723	0.67521028
953	0.4968548382	0.6751460803
954	0.4968307607	0.6751034628
955	0.4966748659	0.6749428638
956	0.4966624555	0.6749190193
957	0.496585221	0.6748416258
958	0.4965468416	0.6747705928
959	0.496525486	0.6747213125
960	0.4964762959	0.6745856458
961	0.4964447184	0.6745503134
962	0.4963715533	0.6744574052
963	0.4963637533	0.6744246407
964	0.4962694324	0.6743365034
965	0.4961474956	0.6741878283
966	0.4960266534	0.6740417649
967	0.4959175016	0.6739028285
968	0.4959032219	0.6738761804
969	0.4958877473	0.6738357177
970	0.4958180899	0.6737010603
971	0.4957252492	0.6735668956
972	0.4956984616	0.6735324662
973	0.4956669677	0.6734542062
974	0.4955833263	0.6733429921
975	0.495548765	0.6732904738
976	0.4955563953	0.6732667255
977	0.4954970603	0.6732073472
978	0.4953581494	0.6730361206
979	0.4952840171	0.6729291589
980	0.4952109789	0.6728697065
981	0.4951694519	0.6727852497
982	0.4951498865	0.6727619737
983	0.4951364634	0.67274625
984	0.4950901135	0.6726773613
985	0.4950602815	0.6725943041
986	0.4949925167	0.6725398099
987	0.4949056278	0.6723528649
988	0.4947840512	0.6722242269
989	0.4947647949	0.6721961781
990	0.4947246799	0.6721509204
991	0.494704846	0.6721180982
992	0.4946873413	0.6720987854
993	0.4946623611	0.6720694813
994	0.4946481979	0.6720510308
995	0.4945748725	0.6719697905
996	0.4945103845	0.6718841213
997	0.4944959236	0.6718437661
998	0.4944947896	0.6718142275
999	0.4943906659	0.6717144805
1000	0.4943590432	0.6716506975
1001	0.4943387647	0.671630164
1002	0.4942593267	0.6715340861
1003	0.494224851	0.6714510568
1004	0.4941647986	0.6713202808
1005	0.4940912293	0.6712344178
1006	0.4940390518	0.6711060895
1007	0.4940166449	0.6710206451
1008	0.4940048846	0.6709765588
1009	0.4939862724	0.6709505786
1010	0.4939093582	0.6708351296
1011	0.4938571116	0.6707647532
1012	0.4938429336	0.6707469974
1013	0.4937535927	0.6705458926
1014	0.4937185128	0.6704601027
1015	0.493628737	0.6703967667
1016	0.4935984362	0.6703638175
1017	0.4935566619	0.6703302642
1018	0.4934321298	0.6701649428
1019	0.4933694599	0.6700343745
1020	0.4932606059	0.6699294339
1021	0.4931861165	0.6698620587
1022	0.4931365498	0.6697975365
1023	0.4931176236	0.6697776971
1024	0.4930990699	0.6697522726
1025	0.4930416066	0.6696922716
1026	0.4930105011	0.6696295298
1027	0.4929529947	0.6695801
1028	0.4929212064	0.6695540817
1029	0.492843832	0.6694138424
1030	0.4927925487	0.6693679385
1031	0.492779408	0.6693489002
1032	0.4926602112	0.66916307
1033	0.4925615225	0.6690206958
1034	0.4923979267	0.6688413404
1035	0.4922932251	0.6687004726
1036	0.4922319819	0.6686406823
1037	0.4921273241	0.6685004827
1038	0.4921086778	0.6684810176
1039	0.4920626581	0.6684400003
1040	0.4920374604	0.6684063092
1041	0.4919985988	0.6683539681
1042	0.4919747064	0.6683308289
1043	0.4918626474	0.6682147489
1044	0.4918174187	0.6681607291
1045	0.4917163662	0.6680156271
1046	0.4916428456	0.6679244409
1047	0.4916109169	0.6678827193
1048	0.4914915549	0.6677796923
1049	0.4914640403	0.6677250511
1050	0.4913768909	0.6675865295
1051	0.4913557215	0.6675567939
1052	0.4913260508	0.6675193481
1053	0.4912718003	0.6674303058
1054	0.4912402142	0.667380282
1055	0.491221784	0.6673611205
1056	0.4911831185	0.6673105584
1057	0.4911577953	0.6672388603
1058	0.4911319331	0.667159207
1059	0.4911181518	0.6671426128
1060	0.4910794773	0.6670995229
1061	0.4910415218	0.6670500581
1062	0.4909644107	0.6669580012
1063	0.4908812136	0.6668249299
1064	0.4908543827	0.6667933542
1065	0.4908247336	0.6667467577
1066	0.4907863904	0.6667181171
1067	0.4907599152	0.6666857204
1068	0.4906582796	0.6665546459
1069	0.4906356797	0.6665215441
1070	0.4905279177	0.6663754341
1071	0.4904968409	0.6663352413
1072	0.490351246	0.666138885
1073	0.4903068657	0.6660768483
1074	0.4902543344	0.6660360115
1075	0.4902180733	0.6659381415
1076	0.490148279	0.6658744065
1077	0.4899627476	0.6656404598
1078	0.4899405006	0.6656192355
1079	0.4898222287	0.6655186042
1080	0.489710749	0.6653431362
1081	0.4895532115	0.6652137041
1082	0.4894660133	0.6651551194
1083	0.4893811525	0.6650974718
1084	0.4893006198	0.6650019801
1085	0.4892883555	0.6649822679
1086	0.4891243556	0.6648039724
1087	0.4890542147	0.6647410595
1088	0.4889636615	0.6646005429
1089	0.4887878033	0.6643736819
1090	0.4887654834	0.6643399289
1091	0.4887486614	0.6642900908
1092	0.488677694	0.6642372797
1093	0.4886612027	0.6641709725
1094	0.4885607318	0.6640561926
1095	0.4884927759	0.6640044204
1096	0.4883752861	0.6638822771
1097	0.4883125599	0.6637506346
1098	0.4882838018	0.6636907034
1099	0.4881168503	0.6635072356
1100	0.487943882	0.6632330654
1101	0.4878521157	0.6631345922
1102	0.4877599509	0.6629761863
1103	0.4877321228	0.6629304436
1104	0.4876977926	0.662867418
1105	0.4876427154	0.6627208085
1106	0.487527833	0.662562686
1107	0.4874397079	0.6624170862
1108	0.487341978	0.6622864088
1109	0.4872315	0.6621447368
1110	0.4871815368	0.6620116418
1111	0.4870378321	0.6618444793
1112	0.4870061434	0.6617611068
1113	0.4869775527	0.6617305492
1114	0.486882417	0.6616033012
1115	0.4868333427	0.6615516588
1116	0.4867978175	0.6615114715
1117	0.4867457731	0.6614371441
1118	0.4865890807	0.6612776356
1119	0.4865837415	0.6612477895
1120	0.4865631609	0.6612241013
1121	0.4865108154	0.6611124834
1122	0.4863984318	0.6610164258
1123	0.4863021019	0.6609067641
1124	0.4862308793	0.660835022
1125	0.4862250273	0.6608058042
1126	0.4861498725	0.6606756453
1127	0.4860328776	0.6605170198
1128	0.4859385643	0.6603974832
1129	0.4858771896	0.6603057326
1130	0.4858442778	0.6602707691
1131	0.4857197625	0.6601634095
1132	0.485577018	0.6599832458
1133	0.4855373571	0.65993438
1134	0.4855060123	0.6598873548
1135	0.4854598065	0.659815768
1136	0.4854359395	0.659788326
1137	0.4853502448	0.6596626302
1138	0.4852688922	0.6595818646
1139	0.4851883608	0.6594178422
1140	0.485060037	0.6592588612
1141	0.4850409321	0.6592362661
1142	0.484960701	0.6591178471
1143	0.4849140209	0.6590479006
1144	0.4849040956	0.6590314348
1145	0.4848007077	0.6588846799
1146	0.4847701614	0.6588538947
1147	0.4846959923	0.6587642402
1148	0.484592716	0.6586379754
1149	0.4844602273	0.6584782129
1150	0.4844044021	0.658389762
1151	0.4843910024	0.6583617024
1152	0.4842968637	0.6582413552
1153	0.4841696243	0.6581007725
1154	0.4841227931	0.6580491246
1155	0.484065265	0.6580131589
1156	0.4840152854	0.6579588825
1157	0.4839876708	0.6579357981
1158	0.4839911058	0.6578582966
1159	0.483975809	0.6578387786
1160	0.483907572	0.6577349713
1161	0.483845458	0.6576225614
1162	0.4837950326	0.6575155168
1163	0.4837805334	0.6574962962
1164	0.4836455816	0.6573305193
1165	0.483630904	0.6573150264
1166	0.4836163134	0.657300458
1167	0.4835123774	0.6571976874
1168	0.4834912487	0.6571618884
1169	0.4834473443	0.6571098116
1170	0.4833481362	0.6570341761
1171	0.4832708159	0.6569230669
1172	0.4831217865	0.6567991339
1173	0.4830906689	0.6567236356
1174	0.4830282781	0.6566490665
1175	0.4829593095	0.6565578078
1176	0.4828625241	0.6564400408
1177	0.4827687613	0.6563503565
1178	0.4827685556	0.6563305098
1179	0.4826514209	0.6561416214
1180	0.4823769924	0.6558218145
1181	0.4823206997	0.6557343857
1182	0.4822283724	0.6556462533
1183	0.482128026	0.6554907691
1184	0.4820441951	0.655414101
1185	0.4819442818	0.6552851471
1186	0.4818823794	0.6552290599
1187	0.4818837992	0.6552031135
1188	0.4817251177	0.6549094365
1189	0.4816654842	0.6548144242
1190	0.4816165564	0.6547342091
1191	0.4815690161	0.6546769052
1192	0.4815061206	0.6546193827
1193	0.4814633739	0.6545810513
1194	0.4814466828	0.6545549452
1195	0.4813875314	0.6544052707
1196	0.4813188213	0.6542721842
1197	0.4812399375	0.6541546085
1198	0.4811990746	0.6540991641
1199	0.4811186699	0.6539851908
1200	0.4810209492	0.6538587773
1201	0.480845658	0.6536714166
1202	0.4807940314	0.6535812059
1203	0.4806020251	0.6534101197
1204	0.480465089	0.6532464527
1205	0.4803665925	0.6531434783
1206	0.4803728301	0.6531183481
1207	0.4803303723	0.6529919639
1208	0.4801899456	0.6528269548
1209	0.4800550627	0.6526677143
1210	0.4799949949	0.6525837138
1211	0.4799267721	0.652471157
1212	0.4798797479	0.6524128838
1213	0.4798338968	0.6523397137
1214	0.4797429842	0.6522195894
1215	0.4796805111	0.6521069756
1216	0.4796576434	0.652054637
1217	0.4793403138	0.6516300846
1218	0.4792678024	0.6515354226
1219	0.479205851	0.6514092601
1220	0.4791538929	0.6513393596
1221	0.4791076564	0.6512898553
1222	0.4789837487	0.6509991284
1223	0.4788882263	0.6508872651
1224	0.4788315546	0.6508337411
1225	0.4788214726	0.650819005
1226	0.4787456769	0.6507689508
1227	0.4786971491	0.6506957537
1228	0.4785485488	0.6505186035
1229	0.4785162351	0.6504547637
1230	0.4784136011	0.6503729865
1231	0.4784126258	0.6503548286
1232	0.4783222625	0.6502169889
1233	0.4783060811	0.6501879232
1234	0.478251775	0.6501129683
1235	0.4782248312	0.6500686066
1236	0.478196226	0.6500000777
1237	0.4781013807	0.6498812035
1238	0.4780048566	0.6497034983
1239	0.4779744727	0.6496628198
1240	0.4779553211	0.6496373698
1241	0.4778817738	0.649548045
1242	0.4778409521	0.6493916061
1243	0.4776888223	0.6492115295
1244	0.4775961833	0.6490916941
1245	0.477564717	0.6490432168
1246	0.4775122237	0.6489845886
1247	0.4774386399	0.6488762481
1248	0.4774252997	0.6488451577
1249	0.4772844979	0.6486623105
1250	0.4772048573	0.6485180533
1251	0.4770945681	0.6483583827
1252	0.477008183	0.6482638142
1253	0.476973408	0.6482260763
1254	0.4768420751	0.6479947904
1255	0.4768224316	0.647961609
1256	0.4765608743	0.6476406518
1257	0.4765329251	0.6476068857
1258	0.4765192123	0.6475898763
1259	0.4764433764	0.6474800866
1260	0.4763893391	0.6473960604
1261	0.4763517281	0.6473567823
1262	0.4762444335	0.647225051
1263	0.4761602092	0.6470692665
1264	0.4761371552	0.6470441184
1265	0.4760433313	0.646928243
1266	0.4759683994	0.6468202031
1267	0.4758898835	0.6467266535
1268	0.4758285646	0.6465673074
1269	0.4757678314	0.6464285771
1270	0.4756904754	0.6463251365
1271	0.4755686815	0.6462252469
1272	0.4754450245	0.6460912623
1273	0.4754164188	0.6460479736
1274	0.4753777465	0.6460148913
1275	0.4752484716	0.6458384567
1276	0.4751978585	0.6457793369
1277	0.4751583009	0.6456998397
1278	0.4750476347	0.6454938758
1279	0.4749270465	0.6453599617
1280	0.4748950778	0.6453343397
1281	0.4748143068	0.645235261
1282	0.4748062472	0.6452143
1283	0.474755649	0.6451582333
1284	0.4747298326	0.645120578
1285	0.4744831893	0.6448073821
1286	0.474448925	0.6447704176
1287	0.4744063248	0.6447089016
1288	0.4743873144	0.6446673913
1289	0.474322831	0.6445679433
1290	0.4741955311	0.6444429925
1291	0.4740051564	0.6441931107
1292	0.4739517052	0.6440601759
1293	0.4738552188	0.6439206082
1294	0.4738277379	0.6438813834
1295	0.4737714342	0.6437737398
1296	0.4736652399	0.6436340367
1297	0.4736158931	0.6435883603
1298	0.4736130043	0.6435597494
1299	0.4735467046	0.6434766193
1300	0.4735060291	0.6434163163
1301	0.4734809671	0.6433405406
1302	0.4732945493	0.6430962777
1303	0.4732439687	0.643029738
1304	0.4730457196	0.6427425477
1305	0.473034181	0.642726904
1306	0.4729957079	0.6426767866
1307	0.472930264	0.64259739
1308	0.4729023109	0.6425522789
1309	0.4727728017	0.6423818983
1310	0.4726730414	0.6422335732
1311	0.472642592	0.6422011813
1312	0.4726141253	0.6421595039
1313	0.4725580286	0.6420376589
1314	0.4723246524	0.6417437672
1315	0.4722768813	0.641689499
1316	0.4721769311	0.641536376
1317	0.4720339502	0.6413445236
1318	0.4720082684	0.641312983
1319	0.4719893333	0.6412338178
1320	0.4717885662	0.6410132648
1321	0.4717409172	0.6409596898
1322	0.4716613442	0.6408815132
1323	0.4716120934	0.6408117536
1324	0.4714783313	0.6405748762
1325	0.4712801847	0.6402784727
1326	0.4711869321	0.6401078555
1327	0.4711772423	0.6400841417
1328	0.4711297151	0.6400499528
1329	0.4710404102	0.6399130527
1330	0.4710294159	0.6398980872
1331	0.4710109261	0.6398737609
1332	0.470932041	0.6398024724
1333	0.4708619645	0.6397002515
1334	0.4707673717	0.6395551039
1335	0.4707418701	0.6395304649
1336	0.4706851679	0.639448225
1337	0.4706567289	0.6393758095
1338	0.4705828008	0.6392283499
1339	0.4705228341	0.6391583007
1340	0.470367655	0.6389346647
1341	0.4703686872	0.6389217556
1342	0.4703222275	0.6388498051
1343	0.470299608	0.6388284274
1344	0.4701806563	0.6386739452
1345	0.4701425047	0.6386415275
1346	0.4701352483	0.6386172759
1347	0.4701158829	0.6385564986
1348	0.4699779192	0.6384201395
1349	0.4699522567	0.6383688647
1350	0.469908752	0.6382810859
1351	0.4696936113	0.6380120733
1352	0.4696462634	0.6378946152
1353	0.4696006658	0.6377800494
1354	0.4695847324	0.6377631506
1355	0.4695265168	0.6376599716
1356	0.4693962215	0.6374325539
1357	0.4693754748	0.6374093652
1358	0.4693371059	0.6373607872
1359	0.4692950636	0.6373168259
1360	0.4692584396	0.6372689194
1361	0.4691961793	0.6371803028
1362	0.4690883996	0.6370458677
1363	0.4690012889	0.6368706138
1364	0.4688784874	0.6366276629
1365	0.4688129499	0.636469481
1366	0.4686725044	0.6363061538
1367	0.4686183509	0.6362125416
1368	0.468594321	0.6361602707
1369	0.4685066409	0.6360619345
1370	0.4684383186	0.6359606769
1371	0.4684211747	0.6359382546
1372	0.4684199094	0.6359208732
1373	0.4683174503	0.6357883116
1374	0.4682784334	0.6357167359
1375	0.4681062991	0.6354878007
1376	0.4680698338	0.6354223072
1377	0.4679943928	0.6353355374
1378	0.4679619862	0.6352921575
1379	0.46786773	0.6351791854
1380	0.4678319461	0.6351327603
1381	0.4677804972	0.6350651787
1382	0.4677578559	0.6350369791
1383	0.4677456472	0.6350248861
1384	0.467516016	0.6347320229
1385	0.4675037141	0.6347174809
1386	0.4674892799	0.6347038996
1387	0.4674118785	0.6346241392
1388	0.4672161863	0.6344369111
1389	0.467105333	0.6342626325
1390	0.4670635637	0.6342312399
1391	0.4670200657	0.6341362831
1392	0.46698303	0.6340601815
1393	0.4669864425	0.6340074723
1394	0.4668974325	0.6339046513
1395	0.4668828952	0.6338783778
1396	0.4668659876	0.633815387
1397	0.4668231415	0.6337086408
1398	0.4666554174	0.6335144887
1399	0.4666089366	0.6334633657
1400	0.4665648712	0.6334281434
1401	0.4665397612	0.6333965343
1402	0.4665152907	0.6333738564
1403	0.4664760247	0.6333095915
1404	0.4664415616	0.6332709436
1405	0.4664251097	0.63325024
1406	0.4663797279	0.6332175741
1407	0.4663226677	0.6331599547
1408	0.4661958026	0.6330252372
1409	0.4661616522	0.6329871653
1410	0.466121818	0.6329333639
1411	0.4659708553	0.6327074218
1412	0.4659501447	0.6326886053
1413	0.4659196874	0.6326143599
1414	0.4658997372	0.632592365
1415	0.4658965054	0.6325780716
1416	0.4659028048	0.6325300434
1417	0.4658102615	0.6323565353
1418	0.4655801171	0.6320697684
1419	0.4654816606	0.6319268268
1420	0.4654383797	0.6318767683
1421	0.4653586295	0.631746751
1422	0.4653372812	0.6316945816
1423	0.4653182392	0.6316562666
1424	0.4652293804	0.6315187652
1425	0.4650966037	0.6313838237
1426	0.4650855199	0.6313635438
1427	0.4650375528	0.6312824337
1428	0.4650304443	0.631268104
1429	0.4650028315	0.6312406564
1430	0.4649937047	0.631225032
1431	0.464970808	0.6311668779
1432	0.4649372399	0.6311287696
1433	0.4648755076	0.6310481262
1434	0.4648220068	0.630980947
1435	0.4647971512	0.6309488647
1436	0.464701668	0.6308098635
1437	0.46468519	0.630780428
1438	0.4646523622	0.6307522869
1439	0.4645774919	0.6306441942
1440	0.464497439	0.6305622465
1441	0.4643330756	0.6304038143
1442	0.4643047786	0.6303420106
1443	0.4642950199	0.6302928047
1444	0.4642669625	0.6302679266
1445	0.4641320937	0.6300858839
1446	0.4640639919	0.629990887
1447	0.464012967	0.6298884682
1448	0.463938413	0.6297863606
1449	0.4638575549	0.629661034
1450	0.4637579819	0.629496635
1451	0.4637308093	0.6294692642
1452	0.4635854664	0.6292646786
1453	0.463566264	0.629234029
1454	0.4635027671	0.6291552272
1455	0.4634703588	0.6291236793
1456	0.4634171389	0.62906933
1457	0.4633317638	0.6290003501
1458	0.4632589549	0.6288932371
1459	0.4632152071	0.6288242806
1460	0.4631961168	0.6288056118
1461	0.4631828576	0.628773762
1462	0.4631416834	0.6287299617
1463	0.4631198141	0.6286731142
1464	0.463061736	0.6285377238
1465	0.4630449813	0.6285052922
1466	0.463005936	0.6284539074
1467	0.4629735708	0.6284193654
1468	0.4629559034	0.628400027
1469	0.4629514649	0.6283856445
1470	0.4628746726	0.628309136
1471	0.4627876543	0.6282048142
1472	0.4627046914	0.6280576627
1473	0.4626140092	0.6279355375
1474	0.4624607746	0.6277551878
1475	0.4623798357	0.6276531759
1476	0.4622976144	0.6275237684
1477	0.4621431854	0.6273284186
1478	0.4621191482	0.6273059644
1479	0.4620466182	0.6271841572
1480	0.4620390685	0.6271725354
1481	0.4619423149	0.6270192085
1482	0.4618943432	0.6269513886
1483	0.461856381	0.6268941568
1484	0.4618457278	0.62687423
1485	0.4617949306	0.6267839382
1486	0.4617183696	0.626708864
1487	0.4615464635	0.6265705097
1488	0.4615378048	0.626557582
1489	0.4615079602	0.6264851569
1490	0.461478095	0.626422765
1491	0.4614538759	0.6263886124
1492	0.4613951775	0.6263137667
1493	0.4612603164	0.6262239228
1494	0.4612231035	0.6261623998
1495	0.4611248499	0.6260285669
1496	0.4611140608	0.6259974269
1497	0.4610906399	0.625961469
1498	0.4610512182	0.6259170518
1499	0.4609985718	0.6258614179
1500	0.4609665296	0.625827235
1501	0.4608959204	0.6257130667
1502	0.4608435477	0.6256190858
1503	0.4607802992	0.6255596108
1504	0.4606468882	0.625370882
1505	0.4606366952	0.6253494819
1506	0.4605554581	0.6252284942
1507	0.4605325899	0.6252055201
1508	0.460314574	0.6249389098
1509	0.4602363965	0.6248662192
1510	0.4602301674	0.6248538428
1511	0.4602136821	0.6248037122
1512	0.4601885814	0.6247850886
1513	0.4600411135	0.6246248193
1514	0.4600237608	0.6246033843
1515	0.459908593	0.6244408846
1516	0.4598717183	0.6243782947
1517	0.4598363994	0.6243392798
1518	0.4597294451	0.6242222605
1519	0.4596132009	0.6240965512
1520	0.4595531959	0.6240217399
1521	0.4595181325	0.6239776049
1522	0.4594435853	0.623879071
1523	0.4593888107	0.6237983069
1524	0.4592144927	0.6235913765
1525	0.4591263302	0.6235136873
1526	0.4590828494	0.6234469865
1527	0.4590449605	0.6234119483
1528	0.4590125959	0.6233752351
1529	0.4588482153	0.6231533629
1530	0.4587479228	0.6230287812
1531	0.4585628688	0.6227783488
1532	0.4585139286	0.6226931804
1533	0.4584729091	0.6226463023
1534	0.4584068356	0.6225578082
1535	0.4583639359	0.622526998
1536	0.4583149293	0.6224870279
1537	0.4582235848	0.6223753822
1538	0.4581790236	0.622275841
1539	0.4581378817	0.6222435447
1540	0.4579871556	0.6220335285
1541	0.45797726	0.6220212177
1542	0.4579120194	0.6219473067
1543	0.4577970915	0.6218192392
1544	0.457722932	0.621705155
1545	0.4576889451	0.6216224325
1546	0.4575470304	0.6214386901
1547	0.4574539658	0.621286231
1548	0.4573869155	0.6211875037
1549	0.4573351869	0.6211311865
1550	0.4572672257	0.6209687225
1551	0.4572019747	0.620871524
1552	0.4571863735	0.6208580602
1553	0.4571620793	0.6208183417
1554	0.4570684713	0.6206664301
1555	0.4569467456	0.620483542
1556	0.456913363	0.6204530974
1557	0.4568617368	0.6203507104
1558	0.4567347733	0.6201726665
1559	0.4566865742	0.620150998
1560	0.4566235624	0.6200114004
1561	0.4566117447	0.6200007572
1562	0.4565892497	0.6199779321
1563	0.4564504006	0.6197397385
1564	0.4564278357	0.6197084627
1565	0.4563602942	0.619610025
1566	0.4561520179	0.6193291301
1567	0.4561257833	0.6193053595
1568	0.4560946402	0.6192634182
1569	0.4559963703	0.6191540823
1570	0.4559502927	0.6190784134
1571	0.4557877585	0.6188889131
1572	0.4557872761	0.6188633365
1573	0.4556772822	0.6187657829
1574	0.4556349558	0.6187043297
1575	0.4556339856	0.6186786339
1576	0.4555375297	0.6185230762
1577	0.4554295739	0.6184023595
1578	0.4553858927	0.6182992643
1579	0.4552990939	0.6181957925
1580	0.4552880859	0.6181853832
1581	0.4552405643	0.618097506
1582	0.4552143213	0.6180504953
1583	0.4551740558	0.6180046988
1584	0.4551107773	0.6179611319
1585	0.4550905025	0.6179451521
1586	0.4550836248	0.6179299207
1587	0.4550198174	0.6178221215
1588	0.4549433184	0.6177194003
1589	0.4549334117	0.6177023377
1590	0.4548067532	0.6174977677
1591	0.4547163521	0.61737057
1592	0.4546412619	0.6172483772
1593	0.4546176677	0.617211815
1594	0.4545856246	0.6171163827
1595	0.4544285921	0.6169513165
1596	0.4544078766	0.6168824382
1597	0.4543577069	0.6168513353
1598	0.4542152279	0.6166765375
1599	0.4541553452	0.6166116442
1600	0.4541246951	0.6165791502
1601	0.4540098577	0.6164329301
1602	0.4540115231	0.616385278
1603	0.4539914948	0.6163674232
1604	0.4538691905	0.6162253547
1605	0.4537811634	0.6160781793
1606	0.4536833195	0.6159591642
1607	0.4536027275	0.615855478
1608	0.4535690096	0.6157753656
1609	0.4534741798	0.6156451113
1610	0.4532720732	0.6153905711
1611	0.4532285124	0.6153382648
1612	0.4530685716	0.6151237892
1613	0.4528991328	0.6149570487
1614	0.4528504627	0.6149024961
1615	0.4527689071	0.6148006955
1616	0.4527623337	0.6147766293
1617	0.4526957225	0.6146803184
1618	0.4526654313	0.6146283796
1619	0.4525313579	0.6144600597
1620	0.4524961871	0.6144073829
1621	0.4524888018	0.6143987763
1622	0.4522713538	0.6141831598
1623	0.4521919302	0.6140737971
1624	0.4519638914	0.6138487529
1625	0.4519073249	0.6137700927
1626	0.4518406849	0.613679695
1627	0.4517529206	0.6135570437
1628	0.4517187816	0.61349575
1629	0.4516596868	0.6133902047
1630	0.4515659914	0.6132583927
1631	0.4515131117	0.6131968601
1632	0.451498974	0.6131701486
1633	0.4514640987	0.6131060296
1634	0.4513991182	0.6129953432
1635	0.4512907925	0.6128755027
1636	0.4512100989	0.6127460221
1637	0.4511675918	0.6126816994
1638	0.4511182093	0.6126529387
1639	0.4510622208	0.6125546182
1640	0.4509309276	0.6124047578
1641	0.450881593	0.612276579
1642	0.45083259	0.6121890035
1643	0.4508093387	0.6121577132
1644	0.4507638333	0.6121094508
1645	0.4507112968	0.6120045152
1646	0.450608422	0.6118777756
1647	0.4505851533	0.611808117
1648	0.4504556903	0.6116845929
1649	0.450374118	0.611560611
1650	0.4503296257	0.6114822531
1651	0.4502542493	0.6114069111
1652	0.4502063526	0.6113151778
1653	0.4500023048	0.6111074647
1654	0.4499013277	0.6110167423
1655	0.4498455907	0.6108885501
1656	0.4498057997	0.6108045335
1657	0.4497794813	0.6107834436
1658	0.4497662538	0.6107665553
1659	0.4497231736	0.6107221885
1660	0.4496047188	0.6105939996
1661	0.4495642838	0.6105010721
1662	0.4494836609	0.6104242107
1663	0.4494024873	0.6103093667
1664	0.4493857855	0.6102953414
1665	0.4492688773	0.6101603054
1666	0.4492126454	0.6100511032
1667	0.4491116294	0.6098637995
1668	0.449052237	0.6097960705
1669	0.4490394914	0.6097855515
1670	0.4489370164	0.6095996745
1671	0.4488309581	0.6094675212
1672	0.4487906426	0.6094100812
1673	0.4487603632	0.6093701672
1674	0.4486451678	0.6092506954
1675	0.4485547355	0.6091513785
1676	0.4484898241	0.6090667232
1677	0.4484189504	0.60898261
1678	0.4483562283	0.6089334884
1679	0.4483465867	0.6088979018
1680	0.4483348716	0.6088857689
1681	0.4482633977	0.6087820181
1682	0.4481436471	0.6085736107
1683	0.4480088314	0.6084271341
1684	0.4479995646	0.6084070576
1685	0.4479069385	0.6082710163
1686	0.4477493975	0.6080942383
1687	0.4475715244	0.607906451
1688	0.4475160173	0.607836493
1689	0.447476695	0.6077455049
1690	0.4474307115	0.6076675626
1691	0.4473515252	0.6075945904
1692	0.4472879444	0.607545108
1693	0.4472121471	0.6074537124
1694	0.4470174788	0.6072109513
1695	0.4469215041	0.607132144
1696	0.4468674797	0.607090705
1697	0.4468648869	0.6070701876
1698	0.4467967174	0.6069961759
1699	0.4466641161	0.606852759
1700	0.4466172577	0.6067617103
1701	0.4465566519	0.6066993855
1702	0.4465319467	0.606677163
1703	0.4464832829	0.6065877895
1704	0.4464668594	0.6065689102
1705	0.4462343619	0.606347177
1706	0.446206794	0.6063220993
1707	0.4461134693	0.6061864706
1708	0.4459793335	0.6060093568
1709	0.4459467209	0.6059536024
1710	0.4458507587	0.6058089809
1711	0.4458094194	0.6057297121
1712	0.4457661594	0.6056693595
1713	0.4457336171	0.6056422738
1714	0.4456799162	0.6055477271
1715	0.4455749282	0.6054369289
1716	0.445573235	0.6054258164
1717	0.4455047244	0.6053225585
1718	0.4453481488	0.6051610843
1719	0.4453106768	0.6050833811
1720	0.4452731401	0.6050271633
1721	0.445195788	0.6049249129
1722	0.4451728109	0.6048946149
1723	0.4451289844	0.6048465044
1724	0.4451054148	0.6048296934
1725	0.4449818205	0.6046766088
1726	0.4448162418	0.6044590489
1727	0.4447393076	0.6043228454
1728	0.4447185913	0.6043111104
1729	0.4446697876	0.6042588074
1730	0.4446407005	0.6042464454
1731	0.4445695172	0.6040926428
1732	0.4444784437	0.604016974
1733	0.4443486839	0.6038793306
1734	0.4442949647	0.6037910285
1735	0.4442529984	0.6037504845
1736	0.4442143376	0.6036851801
1737	0.4441470201	0.6036195754
1738	0.4441363335	0.6036098798
1739	0.444120633	0.6035802314
1740	0.4441039527	0.6035557332
1741	0.4441032584	0.6035325263
1742	0.444028202	0.6034469731
1743	0.4440133838	0.603420133
1744	0.4439488663	0.6033132077
1745	0.4438017527	0.6031562126
1746	0.4437611416	0.6030977164
1747	0.4437493073	0.6030872359
1748	0.4436720425	0.6030202385
1749	0.4436653613	0.6030120758
1750	0.4435480147	0.6029060273
1751	0.4434620619	0.6027789133
1752	0.4433919485	0.6026762463
1753	0.4432653466	0.6024846042
1754	0.4432250044	0.6024140578
1755	0.4431982815	0.6023901303
1756	0.4431159277	0.602260633
1757	0.4430732829	0.6022280362
1758	0.4429722318	0.602115087
1759	0.4428915326	0.6020097301
1760	0.4428844193	0.6020032412
1761	0.4428080991	0.6019377029
1762	0.4427669972	0.601892518
1763	0.4427554591	0.6018649906
1764	0.4427196962	0.6018307021
1765	0.4427063357	0.6018183365
1766	0.4425554121	0.6016133229
1767	0.442478612	0.6014805432
1768	0.442462825	0.6014584113
1769	0.4423136126	0.6012688159
1770	0.4421711715	0.6010751456
1771	0.4420905462	0.6009566705
1772	0.442015516	0.6008231039
1773	0.4420140423	0.6008199384
1774	0.4418837997	0.6006326892
1775	0.441848283	0.6005862867
1776	0.4417764188	0.6004986498
1777	0.4417412682	0.6004224887
1778	0.441609046	0.600237986
1779	0.4415396903	0.6001515222
1780	0.4415253229	0.6001343669
1781	0.4414933034	0.6001049405
1782	0.4414847759	0.6000955137
1783	0.4414152396	0.6000314297
1784	0.4413355841	0.599907698
1785	0.4413264769	0.5998891219
1786	0.4412830524	0.5998351879
1787	0.4411409862	0.5997039342
1788	0.4410889202	0.5996052
1789	0.4408925009	0.5993733032
1790	0.440788699	0.5992840769
1791	0.44075014	0.5992424991
1792	0.4407328508	0.5992132124
1793	0.4407099554	0.5991893415
1794	0.4407043466	0.5991626813
1795	0.4406118156	0.5990885789
1796	0.4405859116	0.5990063432
1797	0.4405805913	0.5989706419
1798	0.4405686514	0.598958337
1799	0.440483694	0.5988487692
1800	0.4404258136	0.5987408328
1801	0.4404036024	0.5987130483
1802	0.4403044353	0.5986022245
1803	0.4401612017	0.598503526
1804	0.4400754295	0.5984340816
1805	0.4400691881	0.5984241314
1806	0.4400559525	0.5983999253
1807	0.4399763544	0.5982979464
1808	0.4398189014	0.5980870093
1809	0.4398002428	0.5980601955
1810	0.4397854559	0.5980385429
1811	0.4397162938	0.5979595215
1812	0.4396997711	0.5979368844
1813	0.4395504131	0.5977434931
1814	0.4394902272	0.5976567033
1815	0.439464465	0.5976339907
1816	0.4394352023	0.5975974297
1817	0.4393104923	0.5974304135
1818	0.4392932525	0.5974015327
1819	0.4392601644	0.5973091715
1820	0.4392382573	0.5972988996
1821	0.4390960983	0.5971115943
1822	0.4390931608	0.5970815554
1823	0.4389919411	0.596992928
1824	0.4388395738	0.5967990072
1825	0.4388312784	0.596790039
1826	0.4387660429	0.5967069247
1827	0.438764762	0.5966920397
1828	0.438630122	0.5965303057
1829	0.4385027661	0.5963408622
1830	0.4384429627	0.5962578977
1831	0.4383674088	0.5961339747
1832	0.438342157	0.5960845386
1833	0.438297035	0.5960052434
1834	0.4382707248	0.5959831905
1835	0.4382126289	0.5958663432
1836	0.4381440055	0.5957843448
1837	0.4380726094	0.5956551143
1838	0.4380124577	0.5955481258
1839	0.4379057167	0.5954720505
1840	0.4378103587	0.5953783739
1841	0.437785593	0.5953261949
1842	0.4377199237	0.5952900963
1843	0.4376789539	0.5952132388
1844	0.4375811398	0.59512847
1845	0.437523127	0.5949995255
1846	0.4374940145	0.5949436392
1847	0.4374733211	0.5949156914
1848	0.4374413192	0.5948667053
1849	0.4373048387	0.5947043255
1850	0.4370808922	0.594468942
1851	0.4369547236	0.5942881001
1852	0.4369161463	0.5942460573
1853	0.4368494375	0.5941522232
1854	0.4367313206	0.5939868053
1855	0.436656892	0.5939010325
1856	0.4365795626	0.5937914134
1857	0.4363898784	0.5935837177
1858	0.4363027727	0.5934670853
1859	0.4362832713	0.5934149305
1860	0.4362310509	0.5933535257
1861	0.4361560333	0.5932507459
1862	0.4360617229	0.5931439351
1863	0.436053078	0.5931320152
1864	0.4360394343	0.5931156539
1865	0.4359958599	0.5930684647
1866	0.4358863999	0.5928831811
1867	0.4358935292	0.5928694121
1868	0.4357897755	0.5927687911
1869	0.435778572	0.5927588035
1870	0.435564026	0.5925082856
1871	0.4355370029	0.5924205321
1872	0.4354768239	0.5923200895
1873	0.4354509917	0.5922848915
1874	0.4354191674	0.592240975
1875	0.4354097445	0.5922165817
1876	0.4353783321	0.5921686989
1877	0.4353752897	0.5921629723
1878	0.4353609937	0.592132035
1879	0.4353651442	0.5921018827
1880	0.4353268395	0.5920529081
1881	0.4352067829	0.5918884387
1882	0.4351492822	0.5918103403
1883	0.4350764659	0.5917274523
1884	0.4349621924	0.5915663246
1885	0.4349186926	0.5914658146
1886	0.4348620755	0.5913925894
1887	0.4348282726	0.5913451111
1888	0.4347864963	0.5912913919
1889	0.4347289004	0.5912290885
1890	0.4346873382	0.5911386008
1891	0.4346845044	0.5911328994
1892	0.4346323139	0.5910727522
1893	0.4345928172	0.5910167366
1894	0.4345561425	0.5909614774
1895	0.4344685332	0.5908487933
1896	0.434368059	0.5907185465
1897	0.4343250664	0.5906466827
1898	0.4343211239	0.5906412835
1899	0.434309745	0.5906239039
1900	0.4342953845	0.590595458
1901	0.4342491325	0.5905550336
1902	0.434123059	0.5903845017
1903	0.4341111574	0.5903609233
1904	0.4339978775	0.5902028797
1905	0.433930044	0.5901316835
1906	0.433868358	0.5900714024
1907	0.4338134993	0.5899655898
1908	0.4337885336	0.5899186021
1909	0.4337249735	0.589830069
1910	0.4336841691	0.5897630643
1911	0.4335336561	0.5895381081
1912	0.4335307961	0.5895324185
1913	0.4334849367	0.5894662896
1914	0.4334992012	0.5894373434
1915	0.4334726037	0.5894105856
1916	0.4332953068	0.5891839483
1917	0.4332373872	0.5891185439
1918	0.4330467508	0.5889118113
1919	0.4329976762	0.588866121
1920	0.4329505362	0.5888187752
1921	0.4329215036	0.5887740819
1922	0.4328231701	0.5886777888
1923	0.4327871042	0.5886293781
1924	0.432769818	0.5885993115
1925	0.432756511	0.5885662744
1926	0.4327484855	0.5885526217
1927	0.4327164386	0.5885278967
1928	0.4326465536	0.5884305265
1929	0.4326141629	0.5883969175
1930	0.4325790582	0.588375897
1931	0.4325149323	0.5882964961
1932	0.4324569932	0.588245389
1933	0.4324154758	0.5882047325
1934	0.4323289013	0.5881317722
1935	0.4322667249	0.5880789825
1936	0.4321560366	0.5879860472
1937	0.4320832448	0.5878898952
1938	0.4319482986	0.5877427793
1939	0.4318126653	0.587651184
1940	0.4316584282	0.5874998032
1941	0.431650874	0.587471842
1942	0.4316088292	0.5874237243
1943	0.4315794142	0.5873768377
1944	0.4315427011	0.5873039714
1945	0.4314053362	0.5871253126
1946	0.431353961	0.5870440553
1947	0.4313111881	0.5869942699
1948	0.4312459817	0.5868990203
1949	0.4311607893	0.5868189458
1950	0.4311264825	0.5867769308
1951	0.4310808352	0.5867249251
1952	0.4310749429	0.5866895214
1953	0.4310356479	0.5866198891
1954	0.4310219253	0.5865992209
1955	0.4309081993	0.5864521021
1956	0.4308376168	0.586390481
1957	0.430776273	0.5862944783
1958	0.4307336996	0.5862460024
1959	0.4307333193	0.5862066472
1960	0.4307234635	0.5861820081
1961	0.4306574198	0.586114149
1962	0.4305591895	0.5859858908
1963	0.4304233915	0.5858091194
1964	0.4303968101	0.5857713068
1965	0.4303853116	0.585754997
1966	0.4303316851	0.5856795154
1967	0.430341315	0.5856655091
1968	0.4302695815	0.5855840069
1969	0.430229449	0.5855323797
1970	0.4302175991	0.5855196034
1971	0.4301784188	0.5854805693
1972	0.4301525728	0.5854513576
1973	0.4301383585	0.5854326295
1974	0.4300508362	0.5853496097
1975	0.4299148291	0.5851357363
1976	0.4298397771	0.585030937
1977	0.4297788711	0.5849400073
1978	0.4296831647	0.5848399372
1979	0.4296371554	0.5847727194
1980	0.429574153	0.5846954171
1981	0.4294972148	0.584581536
1982	0.4294273192	0.5844829218
1983	0.4293528035	0.5843499347
1984	0.4292868568	0.5842991833
1985	0.4290914216	0.584100608
1986	0.4290040861	0.5839956329
1987	0.4288250993	0.5837490566
1988	0.4287631696	0.5836608333
1989	0.4287072815	0.5835681171
1990	0.4286740108	0.5835153792
1991	0.4285390257	0.5833311106
1992	0.4285187983	0.5832987454
1993	0.4284037664	0.5831504381
1994	0.4283513722	0.5831042447
1995	0.4283423539	0.5830891258
1996	0.4282958631	0.5830434265
1997	0.4282751698	0.5830223983
1998	0.4282049447	0.5829504156
1999	0.4281715904	0.5829128618
